,0
0,SMITH
1,JONES
2,BROWN
3,JOHNSON
4,WILLIAMS
5,MILLER
6,TAYLOR
7,WILSON
8,DAVIS
9,WHITE
10,CLARK
11,HALL
12,THOMAS
13,THOMPSON
14,MOORE
15,HILL
16,WALKER
17,ANDERSON
18,WRIGHT
19,MARTIN
20,WOOD
21,ALLEN
22,ROBINSON
23,LEWIS
24,SCOTT
25,YOUNG
26,JACKSON
27,ADAMS
28,TRYNISKI
29,GREEN
30,EVANS
31,KING
32,BAKER
33,JOHN
34,HARRIS
35,ROBERTS
36,CAMPBELL
37,JAMES
38,STEWART
39,LEE
40,COUNTY
41,TURNER
42,PARKER
43,COOK
44,MC
45,EDWARDS
46,MORRIS
47,MITCHELL
48,BELL
49,WARD
50,WATSON
51,MORGAN
52,DAVIES
53,COOPER
54,PHILLIPS
55,ROGERS
56,GRAY
57,HUGHES
58,HARRISON
59,CARTER
60,MURPHY
61,COLLINS
62,HENRY
63,FOSTER
64,RICHARDSON
65,RUSSELL
66,HAMILTON
67,SHAW
68,BENNETT
69,HOWARD
70,REED
71,FISHER
72,MARSHALL
73,MAY
74,CHURCH
75,WASHINGTON
76,KELLY
77,PRICE
78,MURRAY
79,WILLIAM
80,PALMER
81,STEVENS
82,COX
83,ROBERTSON
84,MISS
85,CLARKE
86,BAILEY
87,GEORGE
88,NELSON
89,MASON
90,BUTLER
91,MILLS
92,HUNT
93,ISLAND
94,SIMPSON
95,GRAHAM
96,HENDERSON
97,ROSS
98,STONE
99,PORTER
100,WALLACE
101,KENNEDY
102,GIBSON
103,WEST
104,BROOKS
105,ELLIS
106,BARNES
107,JOHNSTON
108,SULLIVAN
109,WELLS
110,HART
111,FORD
112,REYNOLDS
113,ALEXANDER
114,CO
115,COLE
116,FOX
117,HOLMES
118,DAY
119,CHAPMAN
120,POWELL
121,WEBSTER
122,LONG
123,RICHARDS
124,GRANT
125,HUNTER
126,WEBB
127,THOMSON
128,WM
129,LINCOLN
130,GORDON
131,WHEELER
132,STREET
133,PERRY
134,BLACK
135,LANE
136,GARDNER
137,CITY
138,LAWRENCE
139,ANDREWS
140,WARREN
141,SPENCER
142,RICE
143,JENKINS
144,KNIGHT
145,ARMSTRONG
146,BURNS
147,BARKER
148,DUNN
149,REID
150,COLLEGE
151,MARY
152,HAYES
153,PAGE
154,ROSE
155,PATTERSON
156,ANN
157,CRAWFORD
158,ARNOLD
159,HOUSE
